{
    "builders": [
        {
            "boot_wait": "6m",
            "communicator": "winrm",
            "cpus": "2",
            "disk_size": "{{user `disk_size`}}",
            "guest_additions_mode": "none",
            "iso_checksum": "{{user `iso_checksum`}}",
            "iso_checksum_type": "{{user `iso_checksum_type`}}",
            "iso_url": "{{user `iso_url`}}",
            "memory": "2048",
            "shutdown_timeout": "30m",
            "shutdown_command": "shutdown /s /t 10 /f /d p:4:1 /c \"Packer Shutdown\"",
            "switch_name": "{{user `switch_name`}}",
            "type": "hyperv-iso",
            "vm_name": "windows_10",
            "winrm_password": "vagrant",
            "winrm_timeout": "{{user `winrm_timeout`}}",
            "winrm_username": "vagrant",
            "output_directory": "{{ user `output_directory`}}",
        }
    ],
    "post-processors": [
        {
            "keep_input_artifact": false,
            "output": "output/windows_10_{{.Provider}}.box",
            "type": "vagrant",
            "vagrantfile_template": "C:\\Users\\zombiewin\\Downloads\\Tryv2\\configs\\win10Pro\\vagrant.template"
        }
    ],
    "provisioners": [
        {
            "type": "powershell",
            "inline": [
                "C:\\Windows\\System32\\Sysprep\\Sysprep.exe /oobe /generalize /quiet /quit",
                "while ($true) { $imageState = Get-ItemProperty HKLM:\\SOFTWARE\\Microsoft\\Windows\\CurrentVersion\\Setup\\State | Select-Object ImageState; if ($imageState.ImageState -ne 'IMAGE_STATE_GENERALIZE_RESEAL_TO_OOBE') { Write-Output $imageState.ImageState ; Start-Sleep -s 10; } else { break } }"
            ]
        },
        {
            "type": "powershell",
            "elevated_user": "{{user `username`}}",
            "elevated_password": "{{user `password`}}",
            "inline": [
                "C:\\Windows\\System32\\Sysprep\\Sysprep.exe /oobe /generalize /quiet /quit",
                "while ($true) { $imageState = Get-ItemProperty HKLM:\\SOFTWARE\\Microsoft\\Windows\\CurrentVersion\\Setup\\State | Select-Object ImageState; if ($imageState.ImageState -ne 'IMAGE_STATE_GENERALIZE_RESEAL_TO_OOBE') { Write-Output $imageState.ImageState ; Start-Sleep -s 10; } else { break } }"
            ]
        }
    ],
    "variables": {
        "autounattend": "Autounattend.xml",
        "disk_size": "20000",
        "disk_type_id": "1",
        "headless": "false",
        "iso_checksum_type": "sha256",
        "iso_checksum": "",
        "iso_url": "C:\\Users\\zombiewin\\Downloads\\Tryv2\\iso\\win10Pro\\prebootos.iso",
        "restart_timeout": "5m",
        "vhv_enable": "false",
        "winrm_timeout": "6h",
        "username": "vagrant",
        "password": "vagrant",
        "output_directory":"output"
    }
}