{
    "builders":  [
                     {
                         "boot_wait":  "6m",
                         "communicator":  "winrm",
                         "cpus":  "2",
                         "disk_size":  "{{user `disk_size`}}",
                         "guest_additions_mode":  "none",
                         "iso_checksum":  "{{user `iso_checksum`}}",
                         "iso_checksum_type":  "{{user `iso_checksum_type`}}",
                         "iso_url":  "{{user `iso_url`}}",
                         "memory":  "2048",
                         "shutdown_timeout":  "30m",
                         "shutdown_command":  "shutdown /s /t 10 /f /d p:4:1 /c \"Packer Shutdown\"",
                         "switch_name":  "{{user `switch_name`}}",
                         "type":  "hyperv-iso",
                         "vm_name":  "windows_10",
                         "winrm_password":  "vagrant",
                         "winrm_timeout":  "{{user `winrm_timeout`}}",
                         "winrm_username":  "vagrant",
                         "output_directory":  "{{ user `output_directory`}}"
                     }
                 ],
    "post-processors":  [
                            {
                                "keep_input_artifact":  true,
                                "output":  "windows_10_{{.Provider}}.box",
                                "type":  "vagrant",
                                "vagrantfile_template":  "C:\\Users\\zombiewin\\Downloads\\Tryv2\\configs\\win10Pro\\vagrant.template"
                            }
                        ],
    "provisioners":  [
                         {
                             "type":  "powershell",
                             "elevated_user":  "Administrator",
                             "elevated_password":  "Admin",
                             "script":  "./scripts/phase-2.ps1"
                         },
                         {
                             "type":  "windows-restart",
                             "restart_timeout":  "2h",
                             "pause_before":  "120s",
                             "restart_check_command":  "powershell -command \"\u0026 {Write-Output \u0027restarted.\u0027}\""
                         },
                         {
                             "type":  "powershell",
                             "elevated_user":  "Administrator",
                             "elevated_password":  "Admin",
                             "script":  "./scripts/windows-compress.ps1"
                         },
                         {
                             "type":  "powershell",
                             "elevated_user":  "Administrator",
                             "elevated_password":  "Admin",
                             "inline":  [
                                            "Write-Output Phase-5-Deprovisioning",
                                            "if( Test-Path $Env:SystemRoot\\windows\\system32\\Sysprep\\unattend.xml ){ rm $Env:SystemRoot\\windows\\system32\\Sysprep\\unattend.xml -Force}",
                                            "\u0026 $Env:SystemRoot\\System32\\Sysprep\\Sysprep.exe /oobe /generalize /shutdown /quiet"
                                        ]
                         }
                     ],
    "variables":  {
                      "autounattend":  "Autounattend.xml",
                      "disk_size":  "20000",
                      "disk_type_id":  "1",
                      "headless":  "false",
                      "iso_checksum_type":  "sha256",
                      "iso_checksum":  "9747C216F503A62709FFBF3C35F9E6170FF1C99654F2F1F8C954EE45FF18A1C3",
                      "iso_url":  "C:\\Users\\zombiewin\\Downloads\\Tryv2\\iso\\win10Pro\\prebootos.iso",
                      "restart_timeout":  "1h",
                      "vhv_enable":  "false",
                      "winrm_timeout":  "6h",
                      "username":  "vagrant",
                      "password":  "vagrant",
                      "output_directory":  "output"
                  }
}
